Name,Last_Name,State,Party,Chamber,Years Served
"Abraham, Ralph Lee ",Abraham,Louisiana,Republican,House,2015-2021
"Adams, Alma S. ",Adams,North Carolina,Democratic,House,2014-Present
"Aderholt, Robert B. ",Aderholt,Alabama,Republican,House,1997-Present
"Aguilar, Pete ",Aguilar,California,Democratic,House,2015-Present
"Alexander, Lamar ",Alexander,Tennessee,Republican,Senate,2003-2021
"Alford, Mark ",Alford,Missouri,Republican,House,2023-Present
"Allen, Rick W. ",Allen,Georgia,Republican,House,2015-Present
"Allred, Colin Z. ",Allred,Texas,Democratic,House,2019-Present
"Amash, Justin ",Amash,Michigan,Libertarian,House,2011-2021
"Amo, Gabe ",Amo,Rhode Island,Democratic,House,2023-Present
"Amodei, Mark E. ",Amodei,Nevada,Republican,House,2011-Present
"Armstrong, Kelly ",Armstrong,North Dakota,Republican,House,2019-Present
"Arrington, Jodey C. ",Arrington,Texas,Republican,House,2017-Present
"Ashford, Brad ",Ashford,Nebraska,Democratic,House,2015-2017
"Auchincloss, Jake ",Auchincloss,Massachusetts,Democratic,House,2021-Present
"Axne, Cynthia ",Axne,Iowa,Democratic,House,2019-2023
"Ayotte, Kelly ",Ayotte,New Hampshire,Republican,Senate,2011-2017
"Babin, Brian ",Babin,Texas,Republican,House,2015-Present
"Bacon, Don ",Bacon,Nebraska,Republican,House,2017-Present
"Baird, James R. ",Baird,Indiana,Republican,House,2019-Present
"Balderson, Troy ",Balderson,Ohio,Republican,House,2018-Present
"Baldwin, Tammy ",Baldwin,Wisconsin,Democratic,Senate,2013-Present
"Balint, Becca ",Balint,Vermont,Democratic,House,2023-Present
"Banks, Jim ",Banks,Indiana,Republican,House,2017-Present
"Barletta, Lou ",Barletta,Pennsylvania,Republican,House,2011-2019
"Barr, Andy ",Barr,Kentucky,Republican,House,2013-Present
"Barragán, Nanette Diaz ",Barragán,California,Democratic,House,2017-Present
"Barrasso, John ",Barrasso,Wyoming,Republican,Senate,2007-Present
"Barton, Joe ",Barton,Texas,Republican,House,1985-2019
"Bass, Karen ",Bass,California,Democratic,House,2011-2022
"Bean, Aaron ",Bean,Florida,Republican,House,2023-Present
"Beatty, Joyce ",Beatty,Ohio,Democratic,House,2013-Present
"Becerra, Xavier ",Becerra,California,Democratic,House,1993-2017
"Benishek, Dan ",Benishek,Michigan,Republican,House,2011-2017
"Bennet, Michael F. ",Bennet,Colorado,Democratic,Senate,2009-Present
"Bentz, Cliff ",Bentz,Oregon,Republican,House,2021-Present
"Bera, Ami ",Bera,California,Democratic,House,2013-Present
"Bergman, Jack ",Bergman,Michigan,Republican,House,2017-Present
"Beyer, Donald S. ",Beyer,Virginia,Democratic,House,2015-Present
"Bice, Stephanie I. ",Bice,Oklahoma,Republican,House,2021-Present
"Biggs, Andy ",Biggs,Arizona,Republican,House,2017-Present
"Bilirakis, Gus M. ",Bilirakis,Florida,Republican,House,2007-Present
"Bishop, Dan ",Bishop,North Carolina,Republican,House,2019-Present
"Bishop, Mike ",Bishop,Michigan,Republican,House,2015-2019
"Bishop, Rob ",Bishop,Utah,Republican,House,2003-2021
"Bishop, Sanford D. ",Bishop,Georgia,Democratic,House,1993-Present
"Black, Diane ",Black,Tennessee,Republican,House,2011-2019
"Blackburn, Marsha ",Blackburn,Tennessee,Republican,Senate,2019-Present
"Blum, Rod ",Blum,Iowa,Republican,House,2015-2019
"Blumenauer, Earl ",Blumenauer,Oregon,Democratic,House,1995-Present
"Blumenthal, Richard ",Blumenthal,Connecticut,Democratic,Senate,2011-Present
"Blunt Rochester, Lisa ",Blunt Rochester,Delaware,Democratic,House,2017-Present
"Blunt, Roy ",Blunt,Missouri,Republican,Senate,2011-2023
"Boebert, Lauren ",Boebert,Colorado,Republican,House,2021-Present
"Boehner, John A. ",Boehner,Ohio,Republican,House,1991-2015
"Bonamici, Suzanne ",Bonamici,Oregon,Democratic,House,2012-Present
"Booker, Cory A. ",Booker,New Jersey,Democratic,Senate,2013-Present
"Boozman, John ",Boozman,Arkansas,Republican,Senate,2011-Present
"Bordallo, Madeleine Z. - Delegate",Bordallo,Guam,Democratic,House,2003-2019
"Bost, Mike ",Bost,Illinois,Republican,House,2015-Present
"Bourdeaux, Carolyn ",Bourdeaux,Georgia,Democratic,House,2021-2023
"Boustany, Charles W., Jr. ",Boustany,Louisiana,Republican,House,2005-2017
"Bowman, Jamaal ",Bowman,New York,Democratic,House,2021-Present
"Boxer, Barbara ",Boxer,California,Democratic,Senate,1993-2017
"Boyle, Brendan F. ",Boyle,Pennsylvania,Democratic,House,2015-Present
"Brady, Kevin ",Brady,Texas,Republican,House,1997-2023
"Brady, Robert A. ",Brady,Pennsylvania,Democratic,House,1997-2019
"Brat, Dave ",Brat,Virginia,Republican,House,2014-2019
"Braun, Mike ",Braun,Indiana,Republican,Senate,2019-Present
"Brecheen, Josh ",Brecheen,Oklahoma,Republican,House,2023-Present
"Bridenstine, Jim ",Bridenstine,Oklahoma,Republican,House,2013-2018
"Brindisi, Anthony ",Brindisi,New York,Democratic,House,2019-2021
"Britt, Katie Boyd ",Britt,Alabama,Republican,Senate,2023-Present
"Brooks, Mo ",Brooks,Alabama,Republican,House,2011-2023
"Brooks, Susan W. ",Brooks,Indiana,Republican,House,2013-2021
"Brown, Anthony G. ",Brown,Maryland,Democratic,House,2017-2023
"Brown, Corrine ",Brown,Florida,Democratic,House,1993-2017
"Brown, Sherrod ",Brown,Ohio,Democratic,Senate,2007-Present
"Brown, Shontel M. ",Brown,Ohio,Democratic,House,2021-Present
"Brownley, Julia ",Brownley,California,Democratic,House,2013-Present
"Buchanan, Vern ",Buchanan,Florida,Republican,House,2007-Present
"Buck, Ken ",Buck,Colorado,Republican,House,2015-2024
"Bucshon, Larry ",Bucshon,Indiana,Republican,House,2011-Present
"Budd, Ted ",Budd,North Carolina,Republican,Senate,2023-Present
"Budzinski, Nikki ",Budzinski,Illinois,Democratic,House,2023-Present
"Burchett, Tim ",Burchett,Tennessee,Republican,House,2019-Present
"Burgess, Michael C. ",Burgess,Texas,Republican,House,2003-Present
"Burlison, Eric ",Burlison,Missouri,Republican,House,2023-Present
"Burr, Richard ",Burr,North Carolina,Republican,Senate,2005-2023
"Bush, Cori ",Bush,Missouri,Democratic,House,2021-Present
"Bustos, Cheri ",Bustos,Illinois,Democratic,House,2013-2023
"Butler, Laphonza R. ",Butler,California,Democratic,Senate,2023-Present
"Butterfield, G. K. ",Butterfield,North Carolina,Democratic,House,2004-2022
"Byrne, Bradley ",Byrne,Alabama,Republican,House,2014-2021
"Calvert, Ken ",Calvert,California,Republican,House,1993-Present
"Cammack, Kat ",Cammack,Florida,Republican,House,2021-Present
"Cantwell, Maria ",Cantwell,Washington,Democratic,Senate,2001-Present
"Capito, Shelley Moore ",Capito,West Virginia,Republican,Senate,2015-Present
"Capps, Lois ",Capps,California,Democratic,House,1997-2017
"Capuano, Michael E. ",Capuano,Massachusetts,Democratic,House,1999-2019
"Caraveo, Yadira ",Caraveo,Colorado,Democratic,House,2023-Present
"Carbajal, Salud O. ",Carbajal,California,Democratic,House,2017-Present
"Cárdenas, Tony ",Cárdenas,California,Democratic,House,2013-Present
"Cardin, Benjamin L. ",Cardin,Maryland,Democratic,Senate,2007-Present
"Carey, Mike ",Carey,Ohio,Republican,House,2021-Present
"Carl, Jerry L. ",Carl,Alabama,Republican,House,2021-Present
"Carney, John C., Jr. ",Carney,Delaware,Democratic,House,2011-2017
"Carper, Thomas R. ",Carper,Delaware,Democratic,Senate,2001-Present
"Carson, André ",Carson,Indiana,Democratic,House,2008-Present
"Carter, Earl L. ""Buddy"" ",Carter,Georgia,Republican,House,2015-Present
"Carter, John R. ",Carter,Texas,Republican,House,2003-Present
"Carter, Troy A. ",Carter,Louisiana,Democratic,House,2021-Present
"Cartwright, Matt ",Cartwright,Pennsylvania,Democratic,House,2013-Present
"Casar, Greg ",Casar,Texas,Democratic,House,2023-Present
"Case, Ed ",Case,Hawaii,Democratic,House,"2002-2007, 2019-Present"
"Casey, Robert P., Jr. ",Casey,Pennsylvania,Democratic,Senate,2007-Present
"Cassidy, Bill ",Cassidy,Louisiana,Republican,Senate,2015-Present
"Casten, Sean ",Casten,Illinois,Democratic,House,2019-Present
"Castor, Kathy ",Castor,Florida,Democratic,House,2007-Present
"Castro, Joaquin ",Castro,Texas,Democratic,House,2013-Present
"Cawthorn, Madison ",Cawthorn,North Carolina,Republican,House,2021-2023
"Chabot, Steve ",Chabot,Ohio,Republican,House,"1995-2009, 2011-2023"
"Chaffetz, Jason ",Chaffetz,Utah,Republican,House,2009-2017
"Chavez-DeRemer, Lori ",Chavez-DeRemer,Oregon,Republican,House,2023-Present
"Cheney, Liz ",Cheney,Wyoming,Republican,House,2017-2023
"Cherfilus-McCormick, Sheila ",Cherfilus-McCormick,Florida,Democratic,House,2022-Present
"Chu, Judy ",Chu,California,Democratic,House,2009-Present
"Cicilline, David N. ",Cicilline,Rhode Island,Democratic,House,2011-2023
"Ciscomani, Juan ",Ciscomani,Arizona,Republican,House,2023-Present
"Cisneros, Gilbert Ray, Jr. ",Cisneros,California,Democratic,House,2019-2021
"Clark, Katherine M. ",Clark,Massachusetts,Democratic,House,2013-Present
"Clarke, Yvette D. ",Clarke,New York,Democratic,House,2007-Present
"Clawson, Curt ",Clawson,Florida,Republican,House,2014-2017
"Clay, Wm. Lacy ",Clay,Missouri,Democratic,House,2001-2021
"Cleaver, Emanuel ",Cleaver,Missouri,Democratic,House,2005-Present
"Cline, Ben ",Cline,Virginia,Republican,House,2019-Present
"Cloud, Michael ",Cloud,Texas,Republican,House,2018-Present
"Clyburn, James E. ",Clyburn,South Carolina,Democratic,House,1993-Present
"Clyde, Andrew S. ",Clyde,Georgia,Republican,House,2021-Present
"Coats, Daniel ",Coats,Indiana,Republican,Senate,"1989-1999, 2011-2017"
"Cochran, Thad ",Cochran,Mississippi,Republican,Senate,1979-2018
"Coffman, Mike ",Coffman,Colorado,Republican,House,2009-2019
"Cohen, Steve ",Cohen,Tennessee,Democratic,House,2007-Present
"Cole, Tom ",Cole,Oklahoma,Republican,House,2003-Present
"Collins, Chris ",Collins,New York,Republican,House,2013-2019
"Collins, Doug ",Collins,Georgia,Republican,House,2013-2021
"Collins, Mike ",Collins,Georgia,Republican,House,2023-Present
"Collins, Susan M. ",Collins,Maine,Republican,Senate,1997-Present
"Comer, James ",Comer,Kentucky,Republican,House,2016-Present
"Comstock, Barbara ",Comstock,Virginia,Republican,House,2015-2019
"Conaway, K. Michael ",Conaway,Texas,Republican,House,2005-2021
"Connolly, Gerald E. ",Connolly,Virginia,Democratic,House,2009-Present
"Conway, Connie ",Conway,California,Republican,House,2022-2023
"Conyers, John, Jr. ",Conyers,Michigan,Democratic,House,1965-2017
"Cook, Paul ",Cook,California,Republican,House,2013-2020
"Coons, Christopher A. ",Coons,Delaware,Democratic,Senate,2010-Present
"Cooper, Jim ",Cooper,Tennessee,Democratic,House,"1983-1995, 2003-2023"
"Corker, Bob ",Corker,Tennessee,Republican,Senate,2007-2019
"Cornyn, John ",Cornyn,Texas,Republican,Senate,2002-Present
"Correa, J. Luis ",Correa,California,Democratic,House,2017-Present
"Cortez Masto, Catherine ",Cortez Masto,Nevada,Democratic,Senate,2017-Present
"Costa, Jim ",Costa,California,Democratic,House,2005-Present
"Costello, Ryan A. ",Costello,Pennsylvania,Republican,House,2015-2019
"Cotton, Tom ",Cotton,Arkansas,Republican,Senate,2015-Present
"Courtney, Joe ",Courtney,Connecticut,Democratic,House,2007-Present
"Cox, TJ ",Cox,California,Democratic,House,2019-2021
"Craig, Angie ",Craig,Minnesota,Democratic,House,2019-Present
"Cramer, Kevin ",Cramer,North Dakota,Republican,Senate,2019-Present
"Crane, Elijah ",Crane,Arizona,Republican,House,2023-Present
"Crapo, Mike ",Crapo,Idaho,Republican,Senate,1999-Present
"Crawford, Eric A. ""Rick"" ",Crawford,Arkansas,Republican,House,2011-Present
"Crenshaw, Ander ",Crenshaw,Florida,Republican,House,2001-2017
"Crenshaw, Dan ",Crenshaw,Texas,Republican,House,2019-Present
"Crist, Charlie ",Crist,Florida,Democratic,House,2017-2022
"Crockett, Jasmine ",Crockett,Texas,Democratic,House,2023-Present
"Crow, Jason ",Crow,Colorado,Democratic,House,2019-Present
"Crowley, Joseph ",Crowley,New York,Democratic,House,1999-2019
"Cruz, Ted ",Cruz,Texas,Republican,Senate,2013-Present
"Cuellar, Henry ",Cuellar,Texas,Democratic,House,2005-Present
"Culberson, John Abney ",Culberson,Texas,Republican,House,2001-2019
"Cummings, Elijah E. ",Cummings,Maryland,Democratic,House,1995-2019
"Cunningham, Joe ",Cunningham,South Carolina,Democratic,House,2019-2021
"Curbelo, Carlos ",Curbelo,Florida,Republican,House,2015-2019
"Curtis, John R. ",Curtis,Utah,Republican,House,2017-Present
"D'Esposito, Anthony ",D'Esposito,New York,Republican,House,2023-Present
"Daines, Steve ",Daines,Montana,Republican,Senate,2015-Present
"Davids, Sharice ",Davids,Kansas,Democratic,House,2019-Present
"Davidson, Warren ",Davidson,Ohio,Republican,House,2016-Present
"Davis, Danny K. ",Davis,Illinois,Democratic,House,1997-Present
"Davis, Donald G. ",Davis,North Carolina,Democratic,House,2023-Present
"Davis, Rodney ",Davis,Illinois,Republican,House,2013-2023
"Davis, Susan A. ",Davis,California,Democratic,House,2001-2021
"De La Cruz, Monica ",De La Cruz,Texas,Republican,House,2023-Present
"Dean, Madeleine ",Dean,Pennsylvania,Democratic,House,2019-Present
"DeFazio, Peter A. ",DeFazio,Oregon,Democratic,House,1987-2023
"DeGette, Diana ",DeGette,Colorado,Democratic,House,1997-Present
"Delaney, John K. ",Delaney,Maryland,Democratic,House,2013-2019
"DeLauro, Rosa L. ",DeLauro,Connecticut,Democratic,House,1991-Present
"DelBene, Suzan K. ",DelBene,Washington,Democratic,House,2012-Present
"Delgado, Antonio ",Delgado,New York,Democratic,House,2019-2022
"Deluzio, Christopher R. ",Deluzio,Pennsylvania,Democratic,House,2023-Present
"Demings, Val Butler ",Demings,Florida,Democratic,House,2017-2023
"Denham, Jeff ",Denham,California,Republican,House,2011-2019
"Dent, Charles W. ",Dent,Pennsylvania,Republican,House,2005-2018
"DeSantis, Ron ",DeSantis,Florida,Republican,House,2013-2018
"DeSaulnier, Mark ",DeSaulnier,California,Democratic,House,2015-Present
"DesJarlais, Scott ",DesJarlais,Tennessee,Republican,House,2011-Present
"Deutch, Theodore E. ",Deutch,Florida,Democratic,House,2010-2022
"Diaz-Balart, Mario ",Diaz-Balart,Florida,Republican,House,2003-Present
"Dingell, Debbie ",Dingell,Michigan,Democratic,House,2015-Present
"Doggett, Lloyd ",Doggett,Texas,Democratic,House,1995-Present
"Dold, Robert J. ",Dold,Illinois,Republican,House,"2011-2013, 2015-2017"
"Donalds, Byron ",Donalds,Florida,Republican,House,2021-Present
"Donnelly, Joe ",Donnelly,Indiana,Democratic,Senate,2013-2019
"Donovan, Daniel M., Jr. ",Donovan,New York,Republican,House,2015-2019
"Doyle, Michael F. ",Doyle,Pennsylvania,Democratic,House,1995-2022
"Duarte, John S. ",Duarte,California,Republican,House,2023-Present
"Duckworth, Tammy ",Duckworth,Illinois,Democratic,Senate,2017-Present
"Duffy, Sean P. ",Duffy,Wisconsin,Republican,House,2011-2019
"Duncan, Jeff ",Duncan,South Carolina,Republican,House,2011-Present
"Duncan, John J., Jr. ",Duncan,Tennessee,Republican,House,1987-2019
"Dunn, Neal P. ",Dunn,Florida,Republican,House,2017-Present
"Durbin, Richard J. ",Durbin,Illinois,Democratic,Senate,1997-Present
"Edwards, Chuck ",Edwards,North Carolina,Republican,House,2023-Present
"Edwards, Donna F. ",Edwards,Maryland,Democratic,House,2008-2017
"Ellison, Keith ",Ellison,Minnesota,Democratic,House,2007-2019
"Ellmers, Renee L. ",Ellmers,North Carolina,Republican,House,2011-2017
"Ellzey, Jake ",Ellzey,Texas,Republican,House,2021-Present
"Emmer, Tom ",Emmer,Minnesota,Republican,House,2015-Present
"Engel, Eliot L. ",Engel,New York,Democratic,House,1989-2021
"Enzi, Michael B. ",Enzi,Wyoming,Republican,Senate,1997-2021
"Ernst, Joni ",Ernst,Iowa,Republican,Senate,2015-Present
"Escobar, Veronica ",Escobar,Texas,Democratic,House,2019-Present
"Eshoo, Anna G. ",Eshoo,California,Democratic,House,1993-Present
"Espaillat, Adriano ",Espaillat,New York,Democratic,House,2017-Present
"Estes, Ron ",Estes,Kansas,Republican,House,2017-Present
"Esty, Elizabeth H. ",Esty,Connecticut,Democratic,House,2013-2019
"Evans, Dwight ",Evans,Pennsylvania,Democratic,House,2016-Present
"Ezell, Mike ",Ezell,Mississippi,Republican,House,2023-Present
"Fallon, Pat ",Fallon,Texas,Republican,House,2021-Present
"Farenthold, Blake ",Farenthold,Texas,Republican,House,2011-2018
"Farr, Sam ",Farr,California,Democratic,House,1993-2017
"Faso, John J. ",Faso,New York,Republican,House,2017-2019
"Fattah, Chaka ",Fattah,Pennsylvania,Democratic,House,1995-2016
"Feenstra, Randy ",Feenstra,Iowa,Republican,House,2021-Present
"Feinstein, Dianne ",Feinstein,California,Democratic,Senate,1992-2023
"Ferguson, A. Drew ",Ferguson,Georgia,Republican,House,2017-Present
"Fetterman, John ",Fetterman,Pennsylvania,Democratic,Senate,2023-Present
"Fincher, Stephen Lee ",Fincher,Tennessee,Republican,House,2011-2017
"Finkenauer, Abby ",Finkenauer,Iowa,Democratic,House,2019-2021
"Finstad, Brad ",Finstad,Minnesota,Republican,House,2022-Present
"Fischbach, Michelle ",Fischbach,Minnesota,Republican,House,2021-Present
"Fischer, Deb ",Fischer,Nebraska,Republican,Senate,2013-Present
"Fitzgerald, Scott ",Fitzgerald,Wisconsin,Republican,House,2021-Present
"Fitzpatrick, Brian K. ",Fitzpatrick,Pennsylvania,Republican,House,2017-Present
"Fitzpatrick, Michael G. ",Fitzpatrick,Pennsylvania,Republican,House,"2005-2007, 2011-2017"
"Flake, Jeff ",Flake,Arizona,Republican,Senate,2013-2019
"Fleischmann, Charles J. ""Chuck"" ",Fleischmann,Tennessee,Republican,House,2011-Present
"Fleming, John ",Fleming,Louisiana,Republican,House,2009-2017
"Fletcher, Lizzie ",Fletcher,Texas,Democratic,House,2019-Present
"Flood, Mike ",Flood,Nebraska,Republican,House,2022-Present
"Flores, Bill ",Flores,Texas,Republican,House,2011-2021
"Flores, Mayra ",Flores,Texas,Republican,House,2022-2023
"Fong, Vince ",Fong,California,Republican,House,2024-Present
"Forbes, J. Randy ",Forbes,Virginia,Republican,House,2001-2017
"Fortenberry, Jeff ",Fortenberry,Nebraska,Republican,House,2005-2022
"Foster, Bill ",Foster,Illinois,Democratic,House,"2008-2011, 2013-Present"
"Foushee, Valerie P. ",Foushee,North Carolina,Democratic,House,2023-Present
"Foxx, Virginia ",Foxx,North Carolina,Republican,House,2005-Present
"Frankel, Lois ",Frankel,Florida,Democratic,House,2013-Present
"Franken, Al ",Franken,Minnesota,Democratic,Senate,2009-2018
"Franklin, C. Scott ",Franklin,Florida,Republican,House,2021-Present
"Franks, Trent ",Franks,Arizona,Republican,House,2003-2017
"Frelinghuysen, Rodney P. ",Frelinghuysen,New Jersey,Republican,House,1995-2019
"Frost, Maxwell ",Frost,Florida,Democratic,House,2023-Present
"Fry, Russell ",Fry,South Carolina,Republican,House,2023-Present
"Fudge, Marcia L. ",Fudge,Ohio,Democratic,House,2008-2021
"Fulcher, Russ ",Fulcher,Idaho,Republican,House,2019-Present
"Gabbard, Tulsi ",Gabbard,Hawaii,Democratic,House,2013-2021
"Gaetz, Matt ",Gaetz,Florida,Republican,House,2017-Present
"Gallagher, Mike ",Gallagher,Wisconsin,Republican,House,2017-2024
"Gallego, Ruben ",Gallego,Arizona,Democratic,House,2015-Present
"Garamendi, John ",Garamendi,California,Democratic,House,2009-Present
"Garbarino, Andrew R. ",Garbarino,New York,Republican,House,2021-Present
"García, Jesús G. ""Chuy"" ",García,Illinois,Democratic,House,2019-Present
"Garcia, Mike ",Garcia,California,Republican,House,2020-Present
"Garcia, Robert ",Garcia,California,Democratic,House,2023-Present
"Garcia, Sylvia R. ",Garcia,Texas,Democratic,House,2019-Present
"Gardner, Cory ",Gardner,Colorado,Republican,Senate,2015-2021
"Garrett, Scott ",Garrett,New Jersey,Republican,House,2003-2017
"Garrett, Thomas A., Jr. ",Garrett,Virginia,Republican,House,2017-2019
"Gianforte, Greg ",Gianforte,Montana,Republican,House,2017-2021
"Gibbs, Bob ",Gibbs,Ohio,Republican,House,2011-2023
"Gibson, Christopher P. ",Gibson,New York,Republican,House,2011-2017
"Gillibrand, Kirsten E. ",Gillibrand,New York,Democratic,Senate,2009-Present
"Gimenez, Carlos A. ",Gimenez,Florida,Republican,House,2021-Present
"Gohmert, Louie ",Gohmert,Texas,Republican,House,2005-2023
"Golden, Jared F. ",Golden,Maine,Democratic,House,2019-Present
"Goldman, Daniel S. ",Goldman,New York,Democratic,House,2023-Present
"Gomez, Jimmy ",Gomez,California,Democratic,House,2017-Present
"Gonzales, Tony ",Gonzales,Texas,Republican,House,2021-Present
"Gonzalez, Anthony ",Gonzalez,Ohio,Republican,House,2019-2023
"Gonzalez, Vicente ",Gonzalez,Texas,Democratic,House,2017-Present
"González-Colón, Jenniffer - Resident Commissioner",González-Colón,Puerto Rico,Republican,House,2017-Present
"Good, Bob ",Good,Virginia,Republican,House,2021-Present
"Gooden, Lance ",Gooden,Texas,Republican,House,2019-Present
"Goodlatte, Bob ",Goodlatte,Virginia,Republican,House,1993-2019
"Gosar, Paul A. ",Gosar,Arizona,Republican,House,2011-Present
"Gottheimer, Josh ",Gottheimer,New Jersey,Democratic,House,2017-Present
"Gowdy, Trey ",Gowdy,South Carolina,Republican,House,2011-2019
"Graham, Gwen ",Graham,Florida,Democratic,House,2015-2017
"Graham, Lindsey ",Graham,South Carolina,Republican,Senate,2003-Present
"Granger, Kay ",Granger,Texas,Republican,House,1997-Present
"Grassley, Chuck ",Grassley,Iowa,Republican,Senate,1981-Present
"Graves, Garret ",Graves,Louisiana,Republican,House,2015-Present
"Graves, Sam ",Graves,Missouri,Republican,House,2001-Present
"Graves, Tom ",Graves,Georgia,Republican,House,2010-2020
"Grayson, Alan ",Grayson,Florida,Democratic,House,"2009-2011, 2013-2017"
"Green, Al ",Green,Texas,Democratic,House,2005-Present
"Green, Gene ",Green,Texas,Democratic,House,1993-2019
"Green, Mark E. ",Green,Tennessee,Republican,House,2019-Present
"Greene, Marjorie Taylor ",Greene,Georgia,Republican,House,2021-Present
"Griffith, H. Morgan ",Griffith,Virginia,Republican,House,2011-Present
"Grijalva, Raúl M. ",Grijalva,Arizona,Democratic,House,2003-Present
"Grothman, Glenn ",Grothman,Wisconsin,Republican,House,2015-Present
"Guest, Michael ",Guest,Mississippi,Republican,House,2019-Present
"Guinta, Frank C. ",Guinta,New Hampshire,Republican,House,"2011-2013, 2015-2017"
"Guthrie, Brett ",Guthrie,Kentucky,Republican,House,2009-Present
"Gutierrez, Luis V. ",Gutierrez,Illinois,Democratic,House,1993-2019
"Haaland, Debra A. ",Haaland,New Mexico,Democratic,House,2019-2021
"Hagedorn, Jim ",Hagedorn,Minnesota,Republican,House,2019-2022
"Hageman, Harriet M. ",Hageman,Wyoming,Republican,House,2023-Present
"Hagerty, Bill ",Hagerty,Tennessee,Republican,Senate,2021-Present
"Hahn, Janice ",Hahn,California,Democratic,House,2011-2017
"Hall, Kwanza ",Hall,Georgia,Democratic,House,2020-2021
"Hanabusa, Colleen ",Hanabusa,Hawaii,Democratic,House,2011-2019
"Handel, Karen C. ",Handel,Georgia,Republican,House,2017-2019
"Hanna, Richard L. ",Hanna,New York,Republican,House,2011-2017
"Harder, Josh ",Harder,California,Democratic,House,2019-Present
"Hardy, Cresent ",Hardy,Nevada,Republican,House,2015-2017
"Harper, Gregg ",Harper,Mississippi,Republican,House,2009-2019
"Harris, Andy ",Harris,Maryland,Republican,House,2011-Present
"Harris, Kamala D. ",Harris,California,Democratic,Senate,2017-2021
"Harshbarger, Diana ",Harshbarger,Tennessee,Republican,House,2021-Present
"Hartzler, Vicky ",Hartzler,Missouri,Republican,House,2011-2023
"Hassan, Margaret Wood ",Hassan,New Hampshire,Democratic,Senate,2017-Present
"Hastings, Alcee L. ",Hastings,Florida,Democratic,House,1993-2021
"Hatch, Orrin G. ",Hatch,Utah,Republican,Senate,1977-2019
"Hawley, Josh ",Hawley,Missouri,Republican,Senate,2019-Present
"Hayes, Jahana ",Hayes,Connecticut,Democratic,House,2019-Present
"Heck, Denny ",Heck,Washington,Democratic,House,2013-2021
"Heck, Joseph J. ",Heck,Nevada,Republican,House,2011-2017
"Heinrich, Martin ",Heinrich,New Mexico,Democratic,Senate,2013-Present
"Heitkamp, Heidi ",Heitkamp,North Dakota,Democratic,Senate,2013-2019
"Heller, Dean ",Heller,Nevada,Republican,Senate,2011-2019
"Hensarling, Jeb ",Hensarling,Texas,Republican,House,2003-2019
"Hern, Kevin ",Hern,Oklahoma,Republican,House,2018-Present
"Herrell, Yvette ",Herrell,New Mexico,Republican,House,2021-2023
"Herrera Beutler, Jaime ",Herrera Beutler,Washington,Republican,House,2011-2023
"Hice, Jody B. ",Hice,Georgia,Republican,House,2015-2023
"Hickenlooper, John W. ",Hickenlooper,Colorado,Democratic,Senate,2021-Present
"Higgins, Brian ",Higgins,New York,Democratic,House,2005-2024
"Higgins, Clay ",Higgins,Louisiana,Republican,House,2017-Present
"Hill, J. French ",Hill,Arkansas,Republican,House,2015-Present
"Hill, Katie ",Hill,California,Democratic,House,2019
"Himes, James A. ",Himes,Connecticut,Democratic,House,2009-Present
"Hinojosa, Ruben ",Hinojosa,Texas,Democratic,House,1997-2017
"Hinson, Ashley ",Hinson,Iowa,Republican,House,2021-Present
"Hirono, Mazie K. ",Hirono,Hawaii,Democratic,Senate,2013-Present
"Hoeven, John ",Hoeven,North Dakota,Republican,Senate,2011-Present
"Holding, George ",Holding,North Carolina,Republican,House,2013-2021
"Hollingsworth, Trey ",Hollingsworth,Indiana,Republican,House,2017-2023
"Honda, Michael M. ",Honda,California,Democratic,House,2001-2017
"Horn, Kendra S. ",Horn,Oklahoma,Democratic,House,2019-2021
"Horsford, Steven ",Horsford,Nevada,Democratic,House,"2013-2015, 2019-Present"
"Houchin, Erin ",Houchin,Indiana,Republican,House,2023-Present
"Houlahan, Chrissy ",Houlahan,Pennsylvania,Democratic,House,2019-Present
"Hoyer, Steny H. ",Hoyer,Maryland,Democratic,House,1981-Present
"Hoyle, Val T. ",Hoyle,Oregon,Democratic,House,2023-Present
"Hudson, Richard ",Hudson,North Carolina,Republican,House,2013-Present
"Huelskamp, Tim ",Huelskamp,Kansas,Republican,House,2011-2017
"Huffman, Jared ",Huffman,California,Democratic,House,2013-Present
"Huizenga, Bill ",Huizenga,Michigan,Republican,House,2011-Present
"Hultgren, Randy ",Hultgren,Illinois,Republican,House,2011-2019
"Hunt, Wesley ",Hunt,Texas,Republican,House,2023-Present
"Hunter, Duncan D. ",Hunter,California,Republican,House,2009-2020
"Hurd, Will ",Hurd,Texas,Republican,House,2015-2021
"Hurt, Robert ",Hurt,Virginia,Republican,House,2011-2017
"Hyde-Smith, Cindy ",Hyde-Smith,Mississippi,Republican,Senate,2018-Present
"Inhofe, James M. ",Inhofe,Oklahoma,Republican,Senate,1994-2023
"Isakson, Johnny ",Isakson,Georgia,Republican,Senate,2005-2019
"Israel, Steve ",Israel,New York,Democratic,House,2001-2017
"Issa, Darrell ",Issa,California,Republican,House,"2001-2019, 2021-Present"
"Ivey, Glenn ",Ivey,Maryland,Democratic,House,2023-Present
"Jackson Lee, Sheila ",Jackson Lee,Texas,Democratic,House,1995-2024
"Jackson, Jeff ",Jackson,North Carolina,Democratic,House,2023-Present
"Jackson, Jonathan L. ",Jackson,Illinois,Democratic,House,2023-Present
"Jackson, Ronny ",Jackson,Texas,Republican,House,2021-Present
"Jacobs, Chris ",Jacobs,New York,Republican,House,2020-2023
"Jacobs, Sara ",Jacobs,California,Democratic,House,2021-Present
"James, John ",James,Michigan,Republican,House,2023-Present
"Jayapal, Pramila ",Jayapal,Washington,Democratic,House,2017-Present
"Jeffries, Hakeem S. ",Jeffries,New York,Democratic,House,2013-Present
"Jenkins, Evan H. ",Jenkins,West Virginia,Republican,House,2015-2018
"Jenkins, Lynn ",Jenkins,Kansas,Republican,House,2009-2019
"Johnson, Bill ",Johnson,Ohio,Republican,House,2011-2024
"Johnson, Dusty ",Johnson,South Dakota,Republican,House,2019-Present
"Johnson, Eddie Bernice ",Johnson,Texas,Democratic,House,1993-2023
"Johnson, Henry C. ""Hank"" ",Johnson,Georgia,Democratic,House,2007-Present
"Johnson, Mike ",Johnson,Louisiana,Republican,House,2017-Present
"Johnson, Ron ",Johnson,Wisconsin,Republican,Senate,2011-Present
"Johnson, Sam ",Johnson,Texas,Republican,House,1991-2019
"Jolly, David W. ",Jolly,Florida,Republican,House,2014-2017
"Jones, Brenda ",Jones,Michigan,Democratic,House,2018-2019
"Jones, Doug ",Jones,Alabama,Democratic,Senate,2018-2021
"Jones, Mondaire ",Jones,New York,Democratic,House,2021-2023
"Jones, Walter B., Jr. ",Jones,North Carolina,Republican,House,1995-2019
"Jordan, Jim ",Jordan,Ohio,Republican,House,2007-Present
"Joyce, David P. ",Joyce,Ohio,Republican,House,2013-Present
"Joyce, John ",Joyce,Pennsylvania,Republican,House,2019-Present
"Kahele, Kaiali'i ",Kahele,Hawaii,Democratic,House,2021-2023
"Kaine, Tim ",Kaine,Virginia,Democratic,Senate,2013-Present
"Kamlager-Dove, Sydney ",Kamlager-Dove,California,Democratic,House,2023-Present
"Kaptur, Marcy ",Kaptur,Ohio,Democratic,House,1983-Present
"Katko, John ",Katko,New York,Republican,House,2015-2023
"Kean, Thomas H. ",Kean,New Jersey,Republican,House,2023-Present
"Keating, William R. ",Keating,Massachusetts,Democratic,House,2011-Present
"Keller, Fred ",Keller,Pennsylvania,Republican,House,2019-2023
"Kelly, Mark ",Kelly,Arizona,Democratic,Senate,2020-Present
"Kelly, Mike ",Kelly,Pennsylvania,Republican,House,2011-Present
"Kelly, Robin L. ",Kelly,Illinois,Democratic,House,2013-Present
"Kelly, Trent ",Kelly,Mississippi,Republican,House,2015-Present
"Kennedy, John ",Kennedy,Louisiana,Republican,Senate,2017-Present
"Kennedy, Joseph P., III ",Kennedy,Massachusetts,Democratic,House,2013-2021
"Kennedy, Timothy M. ",Kennedy,New York,Democratic,House,2024-Present
"Khanna, Ro ",Khanna,California,Democratic,House,2017-Present
"Kiggans, Jennifer A. ",Kiggans,Virginia,Republican,House,2023-Present
"Kihuen, Ruben J. ",Kihuen,Nevada,Democratic,House,2017-2019
"Kildee, Daniel T. ",Kildee,Michigan,Democratic,House,2013-Present
"Kiley, Kevin ",Kiley,California,Republican,House,2023-Present
"Kilmer, Derek ",Kilmer,Washington,Democratic,House,2013-Present
"Kim, Andy ",Kim,New Jersey,Democratic,House,2019-Present
"Kim, Young ",Kim,California,Republican,House,2021-Present
"Kind, Ron ",Kind,Wisconsin,Democratic,House,1997-2023
"King, Angus S., Jr. ",King,Maine,Independent,Senate,2013-Present
"King, Peter T. ",King,New York,Republican,House,1993-2021
"King, Steve ",King,Iowa,Republican,House,2003-2021
"Kinzinger, Adam ",Kinzinger,Illinois,Republican,House,2011-2023
"Kirk, Mark Steven ",Kirk,Illinois,Republican,Senate,2010-2017
"Kirkpatrick, Ann ",Kirkpatrick,Arizona,Democratic,House,"2009-2011, 2013-2017, 2019-2023"
"Kline, John ",Kline,Minnesota,Republican,House,2003-2017
"Klobuchar, Amy ",Klobuchar,Minnesota,Democratic,Senate,2007-Present
"Knight, Stephen ",Knight,California,Republican,House,2015-2019
"Krishnamoorthi, Raja ",Krishnamoorthi,Illinois,Democratic,House,2017-Present
"Kuster, Ann M. ",Kuster,New Hampshire,Democratic,House,2013-Present
"Kustoff, David ",Kustoff,Tennessee,Republican,House,2017-Present
"Kyl, Jon ",Kyl,Arizona,Republican,Senate,"1995-2013, 2018-2019"
"Labrador, Raul R. ",Labrador,Idaho,Republican,House,2011-2019
"LaHood, Darin ",LaHood,Illinois,Republican,House,2015-Present
"LaLota, Nick ",LaLota,New York,Republican,House,2023-Present
"LaMalfa, Doug ",LaMalfa,California,Republican,House,2013-Present
"Lamb, Conor ",Lamb,Pennsylvania,Democratic,House,2018-2023
"Lamborn, Doug ",Lamborn,Colorado,Republican,House,2007-Present
"Lance, Leonard ",Lance,New Jersey,Republican,House,2009-2019
"Landsman, Greg ",Landsman,Ohio,Democratic,House,2023-Present
"Langevin, James R. ",Langevin,Rhode Island,Democratic,House,2001-2023
"Langworthy, Nicholas A. ",Langworthy,New York,Republican,House,2023-Present
"Lankford, James ",Lankford,Oklahoma,Republican,Senate,2015-Present
"Larsen, Rick ",Larsen,Washington,Democratic,House,2001-Present
"Larson, John B. ",Larson,Connecticut,Democratic,House,1999-Present
"Latta, Robert E. ",Latta,Ohio,Republican,House,2007-Present
"LaTurner, Jake ",LaTurner,Kansas,Republican,House,2021-Present
"Lawler, Michael ",Lawler,New York,Republican,House,2023-Present
"Lawrence, Brenda L. ",Lawrence,Michigan,Democratic,House,2015-2023
"Lawson, Al, Jr. ",Lawson,Florida,Democratic,House,2017-2023
"Leahy, Patrick J. ",Leahy,Vermont,Democratic,Senate,1975-2023
"Lee, Barbara ",Lee,California,Democratic,House,1997-Present
"Lee, Laurel M. ",Lee,Florida,Republican,House,2023-Present
"Lee, Mike ",Lee,Utah,Republican,Senate,2011-Present
"Lee, Summer L. ",Lee,Pennsylvania,Democratic,House,2023-Present
"Lee, Susie ",Lee,Nevada,Democratic,House,2019-Present
"Leger Fernandez, Teresa ",Leger Fernandez,New Mexico,Democratic,House,2021-Present
"Lesko, Debbie ",Lesko,Arizona,Republican,House,2018-Present
"Letlow, Julia ",Letlow,Louisiana,Republican,House,2021-Present
"Levin, Andy ",Levin,Michigan,Democratic,House,2019-2023
"Levin, Mike ",Levin,California,Democratic,House,2019-Present
"Levin, Sander M. ",Levin,Michigan,Democratic,House,1983-2019
"Lewis, Jason ",Lewis,Minnesota,Republican,House,2017-2019
"Lewis, John ",Lewis,Georgia,Democratic,House,1987-2020
"Lieu, Ted ",Lieu,California,Democratic,House,2015-Present
"Lipinski, Daniel ",Lipinski,Illinois,Democratic,House,2005-2021
"LoBiondo, Frank A. ",LoBiondo,New Jersey,Republican,House,1995-2019
"Loebsack, David ",Loebsack,Iowa,Democratic,House,2007-2021
"Loeffler, Kelly ",Loeffler,Georgia,Republican,Senate,2020-2021
"Lofgren, Zoe ",Lofgren,California,Democratic,House,1995-Present
"Long, Billy ",Long,Missouri,Republican,House,2011-2023
"Lopez, Greg ",Lopez,Colorado,Republican,House,2024-Present
"Loudermilk, Barry ",Loudermilk,Georgia,Republican,House,2015-Present
"Love, Mia B. ",Love,Utah,Republican,House,2015-2019
"Lowenthal, Alan S. ",Lowenthal,California,Democratic,House,2013-2023
"Lowey, Nita M. ",Lowey,New York,Democratic,House,1989-2021
"Lucas, Frank D. ",Lucas,Oklahoma,Republican,House,1993-Present
"Luetkemeyer, Blaine ",Luetkemeyer,Missouri,Republican,House,2009-Present
"Lujan Grisham, Michelle ",Lujan Grisham,New Mexico,Democratic,House,2013-2019
"Lujan, Ben Ray ",Lujan,New Mexico,Democratic,Senate,2021-Present
"Lummis, Cynthia M. ",Lummis,Wyoming,Republican,Senate,2021-Present
"Luna, Anna Paulina ",Luna,Florida,Republican,House,2023-Present
"Luria, Elaine G. ",Luria,Virginia,Democratic,House,2019-2023
"Luttrell, Morgan ",Luttrell,Texas,Republican,House,2023-Present
"Lynch, Stephen F. ",Lynch,Massachusetts,Democratic,House,2001-Present
"MacArthur, Thomas ",MacArthur,New Jersey,Republican,House,2015-2019
"Mace, Nancy ",Mace,South Carolina,Republican,House,2021-Present
"Magaziner, Seth ",Magaziner,Rhode Island,Democratic,House,2023-Present
"Malinowski, Tom ",Malinowski,New Jersey,Democratic,House,2019-2023
"Malliotakis, Nicole ",Malliotakis,New York,Republican,House,2021-Present
"Maloney, Carolyn B. ",Maloney,New York,Democratic,House,1993-2023
"Maloney, Sean Patrick ",Maloney,New York,Democratic,House,2013-2023
"Maloy, Celeste ",Maloy,Utah,Republican,House,2023-Present
"Manchin, Joe, III ",Manchin,West Virginia,Independent,Senate,2010-Present
"Mann, Tracey ",Mann,Kansas,Republican,House,2021-Present
"Manning, Kathy E. ",Manning,North Carolina,Democratic,House,2021-Present
"Marchant, Kenny ",Marchant,Texas,Republican,House,2005-2021
"Marino, Tom ",Marino,Pennsylvania,Republican,House,2011-2019
"Markey, Edward J. ",Markey,Massachusetts,Democratic,Senate,2013-Present
"Marshall, Roger ",Marshall,Kansas,Republican,Senate,2021-Present
"Massie, Thomas ",Massie,Kentucky,Republican,House,2012-Present
"Mast, Brian J. ",Mast,Florida,Republican,House,2017-Present
"Matsui, Doris O. ",Matsui,California,Democratic,House,2005-Present
"McAdams, Ben ",McAdams,Utah,Democratic,House,2019-2021
"McBath, Lucy ",McBath,Georgia,Democratic,House,2019-Present
"McCain, John ",McCain,Arizona,Republican,Senate,1987-2018
"McCarthy, Kevin ",McCarthy,California,Republican,House,2007-2023
"McCaskill, Claire ",McCaskill,Missouri,Democratic,Senate,2007-2019
"McCaul, Michael T. ",McCaul,Texas,Republican,House,2005-Present
"McClain, Lisa C. ",McClain,Michigan,Republican,House,2021-Present
"McClellan, Jennifer L. ",McClellan,Virginia,Democratic,House,2023-Present
"McClintock, Tom ",McClintock,California,Republican,House,2009-Present
"McCollum, Betty ",McCollum,Minnesota,Democratic,House,2001-Present
"McConnell, Mitch ",McConnell,Kentucky,Republican,Senate,1985-Present
"McCormick, Richard ",McCormick,Georgia,Republican,House,2023-Present
"McDermott, Jim ",McDermott,Washington,Democratic,House,1989-2017
"McEachin, A. Donald ",McEachin,Virginia,Democratic,House,2017-2022
"McGarvey, Morgan ",McGarvey,Kentucky,Democratic,House,2023-Present
"McGovern, James P. ",McGovern,Massachusetts,Democratic,House,1997-Present
"McHenry, Patrick T. ",McHenry,North Carolina,Republican,House,2005-Present
"McKinley, David B. ",McKinley,West Virginia,Republican,House,2011-2023
"McMorris Rodgers, Cathy ",McMorris Rodgers,Washington,Republican,House,2005-Present
"McNerney, Jerry ",McNerney,California,Democratic,House,2007-2023
"McSally, Martha ",McSally,Arizona,Republican,Senate,2019-2020
"Meadows, Mark ",Meadows,North Carolina,Republican,House,2013-2020
"Meehan, Patrick ",Meehan,Pennsylvania,Republican,House,2011-2018
"Meeks, Gregory W. ",Meeks,New York,Democratic,House,1997-Present
"Meijer, Peter ",Meijer,Michigan,Republican,House,2021-2023
"Menendez, Robert ",Menendez,New Jersey,Democratic,House,2023-Present
"Menendez, Robert ",Menendez,New Jersey,Democratic,Senate,2006-2024
"Meng, Grace ",Meng,New York,Democratic,House,2013-Present
"Merkley, Jeff ",Merkley,Oregon,Democratic,Senate,2009-Present
"Messer, Luke ",Messer,Indiana,Republican,House,2013-2019
"Meuser, Daniel ",Meuser,Pennsylvania,Republican,House,2019-Present
"Mfume, Kweisi ",Mfume,Maryland,Democratic,House,"1987-1997, 2020-Present"
"Mica, John L. ",Mica,Florida,Republican,House,1993-2017
"Mikulski, Barbara A. ",Mikulski,Maryland,Democratic,Senate,1987-2017
"Miller, Candice S. ",Miller,Michigan,Republican,House,2003-2017
"Miller, Carol D. ",Miller,West Virginia,Republican,House,2019-Present
"Miller, Jeff ",Miller,Florida,Republican,House,2001-2017
"Miller, Mary E. ",Miller,Illinois,Republican,House,2021-Present
"Miller, Max L. ",Miller,Ohio,Republican,House,2023-Present
"Miller-Meeks, Mariannette ",Miller-Meeks,Iowa,Republican,House,2021-Present
"Mills, Cory ",Mills,Florida,Republican,House,2023-Present
"Mitchell, Paul ",Mitchell,Michigan,Independent,House,2017-2021
"Molinaro, Marcus J. ",Molinaro,New York,Republican,House,2023-Present
"Moolenaar, John R. ",Moolenaar,Michigan,Republican,House,2015-Present
"Mooney, Alexander X. ",Mooney,West Virginia,Republican,House,2015-Present
"Moore, Barry ",Moore,Alabama,Republican,House,2021-Present
"Moore, Blake D. ",Moore,Utah,Republican,House,2021-Present
"Moore, Gwen ",Moore,Wisconsin,Democratic,House,2005-Present
"Moran, Jerry ",Moran,Kansas,Republican,Senate,2011-Present
"Moran, Nathaniel ",Moran,Texas,Republican,House,2023-Present
"Morelle, Joseph D. ",Morelle,New York,Democratic,House,2018-Present
"Moskowitz, Jared ",Moskowitz,Florida,Democratic,House,2023-Present
"Moulton, Seth ",Moulton,Massachusetts,Democratic,House,2015-Present
"Moylan, James C. - Delegate",Moylan,Guam,Republican,House,2023-Present
"Mrvan, Frank J. ",Mrvan,Indiana,Democratic,House,2021-Present
"Mucarsel-Powell, Debbie ",Mucarsel-Powell,Florida,Democratic,House,2019-2021
"Mullin, Kevin ",Mullin,California,Democratic,House,2023-Present
"Mullin, Markwayne ",Mullin,Oklahoma,Republican,Senate,2023-Present
"Mulvaney, Mick ",Mulvaney,South Carolina,Republican,House,2011-2017
"Murkowski, Lisa ",Murkowski,Alaska,Republican,Senate,2003-Present
"Murphy, Christopher ",Murphy,Connecticut,Democratic,Senate,2013-Present
"Murphy, Gregory F. ",Murphy,North Carolina,Republican,House,2019-Present
"Murphy, Patrick ",Murphy,Florida,Democratic,House,2013-2017
"Murphy, Stephanie N. ",Murphy,Florida,Democratic,House,2017-2023
"Murphy, Tim ",Murphy,Pennsylvania,Republican,House,2003-2017
"Murray, Patty ",Murray,Washington,Democratic,Senate,1993-Present
"Nadler, Jerrold ",Nadler,New York,Democratic,House,1991-Present
"Napolitano, Grace F. ",Napolitano,California,Democratic,House,1999-Present
"Neal, Richard E. ",Neal,Massachusetts,Democratic,House,1989-Present
"Neguse, Joe ",Neguse,Colorado,Democratic,House,2019-Present
"Nehls, Troy E. ",Nehls,Texas,Republican,House,2021-Present
"Nelson, Bill ",Nelson,Florida,Democratic,Senate,2001-2019
"Neugebauer, Randy ",Neugebauer,Texas,Republican,House,2003-2017
"Newhouse, Dan ",Newhouse,Washington,Republican,House,2015-Present
"Newman, Marie ",Newman,Illinois,Democratic,House,2021-2023
"Nickel, Wiley ",Nickel,North Carolina,Democratic,House,2023-Present
"Noem, Kristi L. ",Noem,South Dakota,Republican,House,2011-2019
"Nolan, Richard M. ",Nolan,Minnesota,Democratic,House,"1975-1981, 2013-2019"
"Norcross, Donald ",Norcross,New Jersey,Democratic,House,2014-Present
"Norman, Ralph ",Norman,South Carolina,Republican,House,2017-Present
"Norton, Eleanor Holmes - Delegate",Norton,District of Columbia,Democratic,House,1991-Present
"Nugent, Richard B. ",Nugent,Florida,Republican,House,2011-2017
"Nunes, Devin ",Nunes,California,Republican,House,2003-2022
"Nunn, Zachary ",Nunn,Iowa,Republican,House,2023-Present
"Nunnelee, Alan ",Nunnelee,Mississippi,Republican,House,2011-2015
"O'Halleran, Tom ",O'Halleran,Arizona,Democratic,House,2017-2023
"O'Rourke, Beto ",O'Rourke,Texas,Democratic,House,2013-2019
"Obernolte, Jay ",Obernolte,California,Republican,House,2021-Present
"Ocasio-Cortez, Alexandria ",Ocasio-Cortez,New York,Democratic,House,2019-Present
"Ogles, Andrew ",Ogles,Tennessee,Republican,House,2023-Present
"Olson, Pete ",Olson,Texas,Republican,House,2009-2021
"Omar, Ilhan ",Omar,Minnesota,Democratic,House,2019-Present
"Ossoff, Jon ",Ossoff,Georgia,Democratic,Senate,2021-Present
"Owens, Burgess ",Owens,Utah,Republican,House,2021-Present
"Padilla, Alex ",Padilla,California,Democratic,Senate,2021-Present
"Palazzo, Steven M. ",Palazzo,Mississippi,Republican,House,2011-2023
"Pallone, Frank ",Pallone,New Jersey,Democratic,House,1987-Present
"Palmer, Gary J. ",Palmer,Alabama,Republican,House,2015-Present
"Panetta, Jimmy ",Panetta,California,Democratic,House,2017-Present
"Pappas, Chris ",Pappas,New Hampshire,Democratic,House,2019-Present
"Pascrell, Bill ",Pascrell,New Jersey,Democratic,House,1997-2024
"Paul, Rand ",Paul,Kentucky,Republican,Senate,2011-Present
"Paulsen, Erik ",Paulsen,Minnesota,Republican,House,2009-2019
"Payne, Donald M. ",Payne,New Jersey,Democratic,House,2012-2024
"Pearce, Stevan ",Pearce,New Mexico,Republican,House,"2003-2009, 2011-2019"
"Pelosi, Nancy ",Pelosi,California,Democratic,House,1987-Present
"Peltola, Mary Sattler ",Peltola,Alaska,Democratic,House,2022-Present
"Pence, Greg ",Pence,Indiana,Republican,House,2019-Present
"Perdue, David ",Perdue,Georgia,Republican,Senate,2015-2021
"Perez, Marie Gluesenkamp ",Perez,Washington,Democratic,House,2023-Present
"Perlmutter, Ed ",Perlmutter,Colorado,Democratic,House,2007-2023
"Perry, Scott ",Perry,Pennsylvania,Republican,House,2013-Present
"Peters, Gary C. ",Peters,Michigan,Democratic,Senate,2015-Present
"Peters, Scott H. ",Peters,California,Democratic,House,2013-Present
"Peterson, Collin C. ",Peterson,Minnesota,Democratic,House,1991-2021
"Pettersen, Brittany ",Pettersen,Colorado,Democratic,House,2023-Present
"Pfluger, August ",Pfluger,Texas,Republican,House,2021-Present
"Phillips, Dean ",Phillips,Minnesota,Democratic,House,2019-Present
"Pierluisi, Pedro R. - Resident Commissioner",Pierluisi,Puerto Rico,Democratic,House,2009-2017
"Pingree, Chellie ",Pingree,Maine,Democratic,House,2009-Present
"Pittenger, Robert ",Pittenger,North Carolina,Republican,House,2013-2019
"Pitts, Joseph R. ",Pitts,Pennsylvania,Republican,House,1997-2017
"Plaskett, Stacey E. - Delegate",Plaskett,Virgin Islands,Democratic,House,2015-Present
"Pocan, Mark ",Pocan,Wisconsin,Democratic,House,2013-Present
"Poe, Ted ",Poe,Texas,Republican,House,2005-2019
"Poliquin, Bruce ",Poliquin,Maine,Republican,House,2015-2019
"Polis, Jared ",Polis,Colorado,Democratic,House,2009-2019
"Pompeo, Mike ",Pompeo,Kansas,Republican,House,2011-2017
"Porter, Katie ",Porter,California,Democratic,House,2019-Present
"Portman, Rob ",Portman,Ohio,Republican,Senate,2011-2023
"Posey, Bill ",Posey,Florida,Republican,House,2009-Present
"Pressley, Ayanna ",Pressley,Massachusetts,Democratic,House,2019-Present
"Price, David E. ",Price,North Carolina,Democratic,House,"1987-1995, 1997-2023"
"Price, Tom ",Price,Georgia,Republican,House,2005-2017
"Quigley, Mike ",Quigley,Illinois,Democratic,House,2009-Present
"Radewagen, Aumua Amata Coleman - Delegate",Radewagen,American Samoa,Republican,House,2015-Present
"Ramirez, Delia C. ",Ramirez,Illinois,Democratic,House,2023-Present
"Rangel, Charles B. ",Rangel,New York,Democratic,House,1971-2017
"Raskin, Jamie ",Raskin,Maryland,Democratic,House,2017-Present
"Ratcliffe, John ",Ratcliffe,Texas,Republican,House,2015-2020
"Reed, Jack ",Reed,Rhode Island,Democratic,Senate,1997-Present
"Reed, Tom ",Reed,New York,Republican,House,2010-2022
"Reichert, David G. ",Reichert,Washington,Republican,House,2005-2019
"Reid, Harry ",Reid,Nevada,Democratic,Senate,1987-2017
"Renacci, James B. ",Renacci,Ohio,Republican,House,2011-2019
"Reschenthaler, Guy ",Reschenthaler,Pennsylvania,Republican,House,2019-Present
"Ribble, Reid J. ",Ribble,Wisconsin,Republican,House,2011-2017
"Rice, Kathleen M. ",Rice,New York,Democratic,House,2015-2023
"Rice, Tom ",Rice,South Carolina,Republican,House,2013-2023
"Richmond, Cedric L. ",Richmond,Louisiana,Democratic,House,2011-2021
"Ricketts, Pete ",Ricketts,Nebraska,Republican,Senate,2023-Present
"Rigell, E. Scott ",Rigell,Virginia,Republican,House,2011-2017
"Riggleman, Denver ",Riggleman,Virginia,Republican,House,2019-2021
"Risch, James E. ",Risch,Idaho,Republican,Senate,2009-Present
"Roberts, Pat ",Roberts,Kansas,Republican,Senate,1997-2021
"Roby, Martha ",Roby,Alabama,Republican,House,2011-2021
"Roe, David P. ",Roe,Tennessee,Republican,House,2009-2021
"Rogers, Harold ",Rogers,Kentucky,Republican,House,1981-Present
"Rogers, Mike D. ",Rogers,Alabama,Republican,House,2003-Present
"Rohrabacher, Dana ",Rohrabacher,California,Republican,House,1989-2019
"Rokita, Todd ",Rokita,Indiana,Republican,House,2011-2019
"Romney, Mitt ",Romney,Utah,Republican,Senate,2019-Present
"Rooney, Francis ",Rooney,Florida,Republican,House,2017-2021
"Rooney, Thomas J. ",Rooney,Florida,Republican,House,2009-2019
"Ros-Lehtinen, Ileana ",Ros-Lehtinen,Florida,Republican,House,1989-2019
"Rose, John W. ",Rose,Tennessee,Republican,House,2019-Present
"Rose, Max ",Rose,New York,Democratic,House,2019-2021
"Rosen, Jacky ",Rosen,Nevada,Democratic,Senate,2019-Present
"Rosendale, Matthew M. ",Rosendale,Montana,Republican,House,2021-Present
"Roskam, Peter J. ",Roskam,Illinois,Republican,House,2007-2019
"Ross, Deborah K. ",Ross,North Carolina,Democratic,House,2021-Present
"Ross, Dennis A. ",Ross,Florida,Republican,House,2011-2019
"Rothfus, Keith J. ",Rothfus,Pennsylvania,Republican,House,2013-2019
"Rouda, Harley ",Rouda,California,Democratic,House,2019-2021
"Rounds, Mike ",Rounds,South Dakota,Republican,Senate,2015-Present
"Rouzer, David ",Rouzer,North Carolina,Republican,House,2015-Present
"Roy, Chip ",Roy,Texas,Republican,House,2019-Present
"Roybal-Allard, Lucille ",Roybal-Allard,California,Democratic,House,1993-2023
"Royce, Edward R. ",Royce,California,Republican,House,1993-2019
"Rubio, Marco ",Rubio,Florida,Republican,Senate,2011-Present
"Ruiz, Raul ",Ruiz,California,Democratic,House,2013-Present
"Rulli, Michael A. ",Rulli,Ohio,Republican,House,2024-Present
"Ruppersberger, C. A. Dutch ",Ruppersberger,Maryland,Democratic,House,2003-Present
"Rush, Bobby L. ",Rush,Illinois,Democratic,House,1993-2023
"Russell, Steve ",Russell,Oklahoma,Republican,House,2015-2019
"Rutherford, John H. ",Rutherford,Florida,Republican,House,2017-Present
"Ryan, Patrick ",Ryan,New York,Democratic,House,2022-Present
"Ryan, Paul D. ",Ryan,Wisconsin,Republican,House,1999-2019
"Ryan, Tim ",Ryan,Ohio,Democratic,House,2003-2023
"Sablan, Gregorio Kilili Camacho - Delegate",Sablan,Northern Mariana Islands,Democratic,House,2009-Present
"Salazar, Maria Elvira ",Salazar,Florida,Republican,House,2021-Present
"Salinas, Andrea ",Salinas,Oregon,Democratic,House,2023-Present
"Salmon, Matt ",Salmon,Arizona,Republican,House,"1995-2001, 2013-2017"
"San Nicolas, Michael F. Q. - Delegate",San Nicolas,Guam,Democratic,House,2019-2023
"Sánchez, Linda T. ",Sánchez,California,Democratic,House,2003-Present
"Sanchez, Loretta ",Sanchez,California,Democratic,House,1997-2017
"Sanders, Bernard ",Sanders,Vermont,Independent,Senate,2007-Present
"Sanford, Mark ",Sanford,South Carolina,Republican,House,"1995-2001, 2013-2019"
"Santos, George ",Santos,New York,Republican,House,2023
"Sarbanes, John P. ",Sarbanes,Maryland,Democratic,House,2007-Present
"Sasse, Ben ",Sasse,Nebraska,Republican,Senate,2015-2023
"Scalise, Steve ",Scalise,Louisiana,Republican,House,2008-Present
"Scanlon, Mary Gay ",Scanlon,Pennsylvania,Democratic,House,2018-Present
"Schakowsky, Janice D. ",Schakowsky,Illinois,Democratic,House,1999-Present
"Schatz, Brian ",Schatz,Hawaii,Democratic,Senate,2012-Present
"Schiff, Adam B. ",Schiff,California,Democratic,House,2001-Present
"Schmitt, Eric ",Schmitt,Missouri,Republican,Senate,2023-Present
"Schneider, Bradley Scott ",Schneider,Illinois,Democratic,House,"2013-2015, 2017-Present"
"Schock, Aaron ",Schock,Illinois,Republican,House,2009-2015
"Scholten, Hillary J. ",Scholten,Michigan,Democratic,House,2023-Present
"Schrader, Kurt ",Schrader,Oregon,Democratic,House,2009-2023
"Schrier, Kim ",Schrier,Washington,Democratic,House,2019-Present
"Schumer, Charles E. ",Schumer,New York,Democratic,Senate,1999-Present
"Schweikert, David ",Schweikert,Arizona,Republican,House,2011-Present
"Scott, Austin ",Scott,Georgia,Republican,House,2011-Present
"Scott, David ",Scott,Georgia,Democratic,House,2003-Present
"Scott, Rick ",Scott,Florida,Republican,Senate,2019-Present
"Scott, Robert C. ""Bobby"" ",Scott,Virginia,Democratic,House,1993-Present
"Scott, Tim ",Scott,South Carolina,Republican,Senate,2013-Present
"Self, Keith ",Self,Texas,Republican,House,2023-Present
"Sempolinski, Joseph ",Sempolinski,New York,Republican,House,2022-2023
"Sensenbrenner, F. James, Jr. ",Sensenbrenner,Wisconsin,Republican,House,1979-2021
"Serrano, Jose E. ",Serrano,New York,Democratic,House,1989-2021
"Sessions, Jeff ",Sessions,Alabama,Republican,Senate,1997-2017
"Sessions, Pete ",Sessions,Texas,Republican,House,"1997-2019, 2021-Present"
"Sewell, Terri A. ",Sewell,Alabama,Democratic,House,2011-Present
"Shaheen, Jeanne ",Shaheen,New Hampshire,Democratic,Senate,2009-Present
"Shalala, Donna E. ",Shalala,Florida,Democratic,House,2019-2021
"Shea-Porter, Carol ",Shea-Porter,New Hampshire,Democratic,House,"2007-2011, 2013-2015, 2017-2019"
"Shelby, Richard C. ",Shelby,Alabama,Republican,Senate,1987-2023
"Sherman, Brad ",Sherman,California,Democratic,House,1997-Present
"Sherrill, Mikie ",Sherrill,New Jersey,Democratic,House,2019-Present
"Shimkus, John ",Shimkus,Illinois,Republican,House,1997-2021
"Shuster, Bill ",Shuster,Pennsylvania,Republican,House,2001-2019
"Simpson, Michael K. ",Simpson,Idaho,Republican,House,1999-Present
"Sinema, Kyrsten ",Sinema,Arizona,Independent,Senate,2019-Present
"Sires, Albio ",Sires,New Jersey,Democratic,House,2005-2023
"Slaughter, Louise McIntosh ",Slaughter,New York,Democratic,House,1987-2018
"Slotkin, Elissa ",Slotkin,Michigan,Democratic,House,2019-Present
"Smith, Adam ",Smith,Washington,Democratic,House,1997-Present
"Smith, Adrian ",Smith,Nebraska,Republican,House,2007-Present
"Smith, Christopher H. ",Smith,New Jersey,Republican,House,1981-Present
"Smith, Jason ",Smith,Missouri,Republican,House,2013-Present
"Smith, Lamar ",Smith,Texas,Republican,House,1987-2019
"Smith, Tina ",Smith,Minnesota,Democratic,Senate,2018-Present
"Smucker, Lloyd ",Smucker,Pennsylvania,Republican,House,2017-Present
"Sorensen, Eric ",Sorensen,Illinois,Democratic,House,2023-Present
"Soto, Darren ",Soto,Florida,Democratic,House,2017-Present
"Spanberger, Abigail Davis ",Spanberger,Virginia,Democratic,House,2019-Present
"Spano, Ross ",Spano,Florida,Republican,House,2019-2021
"Spartz, Victoria ",Spartz,Indiana,Republican,House,2021-Present
"Speier, Jackie ",Speier,California,Democratic,House,2008-2023
"Stabenow, Debbie ",Stabenow,Michigan,Democratic,Senate,2001-Present
"Stansbury, Melanie A. ",Stansbury,New Mexico,Democratic,House,2021-Present
"Stanton, Greg ",Stanton,Arizona,Democratic,House,2019-Present
"Stauber, Pete ",Stauber,Minnesota,Republican,House,2019-Present
"Steel, Michelle ",Steel,California,Republican,House,2021-Present
"Stefanik, Elise M. ",Stefanik,New York,Republican,House,2015-Present
"Steil, Bryan ",Steil,Wisconsin,Republican,House,2019-Present
"Steube, W. Gregory ",Steube,Florida,Republican,House,2019-Present
"Stevens, Haley M. ",Stevens,Michigan,Democratic,House,2019-Present
"Stewart, Chris ",Stewart,Utah,Republican,House,2013-2023
"Stivers, Steve ",Stivers,Ohio,Republican,House,2011-2021
"Strange, Luther ",Strange,Alabama,Republican,Senate,2017-2018
"Strickland, Marilyn ",Strickland,Washington,Democratic,House,2021-Present
"Strong, Dale W. ",Strong,Alabama,Republican,House,2023-Present
"Stutzman, Marlin A. ",Stutzman,Indiana,Republican,House,2010-2017
"Sullivan, Dan ",Sullivan,Alaska,Republican,Senate,2015-Present
"Suozzi, Thomas R. ",Suozzi,New York,Democratic,House,2017-Present
"Swalwell, Eric ",Swalwell,California,Democratic,House,2013-Present
"Sykes, Emilia Strong ",Sykes,Ohio,Democratic,House,2023-Present
"Takai, Mark ",Takai,Hawaii,Democratic,House,2015-2016
"Takano, Mark ",Takano,California,Democratic,House,2013-Present
"Taylor, Scott ",Taylor,Virginia,Republican,House,2017-2019
"Taylor, Van ",Taylor,Texas,Republican,House,2019-2023
"Tenney, Claudia ",Tenney,New York,Republican,House,"2017-2019, 2021-Present"
"Tester, Jon ",Tester,Montana,Democratic,Senate,2007-Present
"Thanedar, Shri ",Thanedar,Michigan,Democratic,House,2023-Present
"Thompson, Bennie G. ",Thompson,Mississippi,Democratic,House,1993-Present
"Thompson, Glenn ",Thompson,Pennsylvania,Republican,House,2009-Present
"Thompson, Mike ",Thompson,California,Democratic,House,1999-Present
"Thornberry, Mac ",Thornberry,Texas,Republican,House,1995-2021
"Thune, John ",Thune,South Dakota,Republican,Senate,2005-Present
"Tiberi, Patrick J. ",Tiberi,Ohio,Republican,House,2001-2018
"Tiffany, Thomas P. ",Tiffany,Wisconsin,Republican,House,2020-Present
"Tillis, Thomas ",Tillis,North Carolina,Republican,Senate,2015-Present
"Timmons, William R. ",Timmons,South Carolina,Republican,House,2019-Present
"Tipton, Scott R. ",Tipton,Colorado,Republican,House,2011-2021
"Titus, Dina ",Titus,Nevada,Democratic,House,"2009-2011, 2013-Present"
"Tlaib, Rashida ",Tlaib,Michigan,Democratic,House,2019-Present
"Tokuda, Jill N. ",Tokuda,Hawaii,Democratic,House,2023-Present
"Tonko, Paul ",Tonko,New York,Democratic,House,2009-Present
"Toomey, Patrick ",Toomey,Pennsylvania,Republican,Senate,2011-2023
"Torres Small, Xochitl ",Torres Small,New Mexico,Democratic,House,2019-2021
"Torres, Norma J. ",Torres,California,Democratic,House,2015-Present
"Torres, Ritchie ",Torres,New York,Democratic,House,2021-Present
"Trahan, Lori ",Trahan,Massachusetts,Democratic,House,2019-Present
"Trone, David J. ",Trone,Maryland,Democratic,House,2019-Present
"Trott, David A. ",Trott,Michigan,Republican,House,2015-2019
"Tsongas, Niki ",Tsongas,Massachusetts,Democratic,House,2007-2019
"Tuberville, Tommy ",Tuberville,Alabama,Republican,Senate,2021-Present
"Turner, Michael R. ",Turner,Ohio,Republican,House,2003-Present
"Udall, Tom ",Udall,New Mexico,Democratic,Senate,2009-2021
"Underwood, Lauren ",Underwood,Illinois,Democratic,House,2019-Present
"Upton, Fred ",Upton,Michigan,Republican,House,1987-2023
"Valadao, David G. ",Valadao,California,Republican,House,"2013-2019, 2021-Present"
"Van Drew, Jefferson ",Van Drew,New Jersey,Republican,House,2019-Present
"Van Duyne, Beth ",Van Duyne,Texas,Republican,House,2021-Present
"Van Hollen, Chris ",Van Hollen,Maryland,Democratic,Senate,2017-Present
"Van Orden, Derrick ",Van Orden,Wisconsin,Republican,House,2023-Present
"Vance, J. D. ",Vance,Ohio,Republican,Senate,2023-Present
"Vargas, Juan ",Vargas,California,Democratic,House,2013-Present
"Vasquez, Gabe ",Vasquez,New Mexico,Democratic,House,2023-Present
"Veasey, Marc A. ",Veasey,Texas,Democratic,House,2013-Present
"Vela, Filemon ",Vela,Texas,Democratic,House,2013-2022
"Velázquez, Nydia M. ",Velázquez,New York,Democratic,House,1993-Present
"Visclosky, Peter J. ",Visclosky,Indiana,Democratic,House,1985-2021
"Vitter, David ",Vitter,Louisiana,Republican,Senate,2005-2017
"Wagner, Ann ",Wagner,Missouri,Republican,House,2013-Present
"Walberg, Tim ",Walberg,Michigan,Republican,House,"2007-2009, 2011-Present"
"Walden, Greg ",Walden,Oregon,Republican,House,1999-2021
"Walker, Mark ",Walker,North Carolina,Republican,House,2015-2021
"Walorski, Jackie ",Walorski,Indiana,Republican,House,2013-2022
"Walters, Mimi ",Walters,California,Republican,House,2015-2019
"Waltz, Michael ",Waltz,Florida,Republican,House,2019-Present
"Walz, Timothy J. ",Walz,Minnesota,Democratic,House,2007-2019
"Warner, Mark R. ",Warner,Virginia,Democratic,Senate,2009-Present
"Warnock, Raphael G. ",Warnock,Georgia,Democratic,Senate,2021-Present
"Warren, Elizabeth ",Warren,Massachusetts,Democratic,Senate,2013-Present
"Wasserman Schultz, Debbie ",Wasserman Schultz,Florida,Democratic,House,2005-Present
"Waters, Maxine ",Waters,California,Democratic,House,1991-Present
"Watkins, Steve ",Watkins,Kansas,Republican,House,2019-2021
"Watson Coleman, Bonnie ",Watson Coleman,New Jersey,Democratic,House,2015-Present
"Weber, Randy K. ",Weber,Texas,Republican,House,2013-Present
"Webster, Daniel ",Webster,Florida,Republican,House,2011-Present
"Welch, Peter ",Welch,Vermont,Democratic,Senate,2023-Present
"Wenstrup, Brad R. ",Wenstrup,Ohio,Republican,House,2013-Present
"Westerman, Bruce ",Westerman,Arkansas,Republican,House,2015-Present
"Westmoreland, Lynn A. ",Westmoreland,Georgia,Republican,House,2005-2017
"Wexton, Jennifer ",Wexton,Virginia,Democratic,House,2019-Present
"Whitehouse, Sheldon ",Whitehouse,Rhode Island,Democratic,Senate,2007-Present
"Whitfield, Ed ",Whitfield,Kentucky,Republican,House,1995-2016
"Wicker, Roger F. ",Wicker,Mississippi,Republican,Senate,2007-Present
"Wild, Susan ",Wild,Pennsylvania,Democratic,House,2018-Present
"Williams, Brandon ",Williams,New York,Republican,House,2023-Present
"Williams, Nikema ",Williams,Georgia,Democratic,House,2021-Present
"Williams, Roger ",Williams,Texas,Republican,House,2013-Present
"Wilson, Frederica S. ",Wilson,Florida,Democratic,House,2011-Present
"Wilson, Joe ",Wilson,South Carolina,Republican,House,2001-Present
"Wittman, Robert J. ",Wittman,Virginia,Republican,House,2007-Present
"Womack, Steve ",Womack,Arkansas,Republican,House,2011-Present
"Woodall, Rob ",Woodall,Georgia,Republican,House,2011-2021
"Wright, Ron ",Wright,Texas,Republican,House,2019-2021
"Wyden, Ron ",Wyden,Oregon,Democratic,Senate,1996-Present
"Yakym, Rudy ",Yakym,Indiana,Republican,House,2022-Present
"Yarmuth, John A. ",Yarmuth,Kentucky,Democratic,House,2007-2023
"Yoder, Kevin ",Yoder,Kansas,Republican,House,2011-2019
"Yoho, Ted S. ",Yoho,Florida,Republican,House,2013-2021
"Young, David ",Young,Iowa,Republican,House,2015-2019
"Young, Don ",Young,Alaska,Republican,House,1973-2022
"Young, Todd ",Young,Indiana,Republican,Senate,2017-Present
"Zeldin, Lee M. ",Zeldin,New York,Republican,House,2015-2023
"Zinke, Ryan K. ",Zinke,Montana,Republican,House,"2015-2017, 2023-Present"
